CREATE TABLE "company" (
  id int primary key,
  name varchar
);
INSERT INTO "company"(id, name) VALUES (1, 'Stafford LLC');
INSERT INTO "company"(id, name) VALUES (2, 'Fisher LLC');
INSERT INTO "company"(id, name) VALUES (3, 'Alvarez LLC');
INSERT INTO "company"(id, name) VALUES (4, 'Griffith LLC');
INSERT INTO "company"(id, name) VALUES (5, 'Wood LLC');
INSERT INTO "company"(id, name) VALUES (6, 'Jones LLC');
INSERT INTO "company"(id, name) VALUES (7, 'Williams LLC');
INSERT INTO "company"(id, name) VALUES (8, 'Powers LLC');
INSERT INTO "company"(id, name) VALUES (9, 'Kelly LLC');
INSERT INTO "company"(id, name) VALUES (10, 'Glass LLC');
INSERT INTO "company"(id, name) VALUES (11, 'Dixon LLC');
INSERT INTO "company"(id, name) VALUES (12, 'Hunt LLC');
INSERT INTO "company"(id, name) VALUES (13, 'Gill LLC');
INSERT INTO "company"(id, name) VALUES (14, 'Wright LLC');
INSERT INTO "company"(id, name) VALUES (15, 'Martinez LLC');
INSERT INTO "company"(id, name) VALUES (16, 'Lopez LLC');
INSERT INTO "company"(id, name) VALUES (17, 'Orozco LLC');
INSERT INTO "company"(id, name) VALUES (18, 'Anderson LLC');
INSERT INTO "company"(id, name) VALUES (19, 'Barber LLC');
INSERT INTO "company"(id, name) VALUES (20, 'Davidson LLC');
INSERT INTO "company"(id, name) VALUES (21, 'Bailey LLC');
INSERT INTO "company"(id, name) VALUES (22, 'Scott LLC');
INSERT INTO "company"(id, name) VALUES (23, 'Welch LLC');
INSERT INTO "company"(id, name) VALUES (25, 'Mejia LLC');
INSERT INTO "company"(id, name) VALUES (26, 'Miller LLC');

CREATE TABLE "address" (
  id int primary key,
  address_1 text,
  city text,
  state text,
  zip_code text
);
INSERT INTO "address"(id, address_1, city, state, zip_code) VALUES (1, '99267 Lee Hills', 'South Jamieshire', 'SC', '28265');
INSERT INTO "address"(id, address_1, city, state, zip_code) VALUES (2, '602 Reed Village', 'North Carrie', 'GA', '79840');
INSERT INTO "address"(id, address_1, city, state, zip_code) VALUES (3, '183 Johns Drives', 'Elijahside', 'IN', '98331');
INSERT INTO "address"(id, address_1, city, state, zip_code) VALUES (4, '7133 Francis Summit', 'Myersburgh', 'HI', '48135');
INSERT INTO "address"(id, address_1, city, state, zip_code) VALUES (5, '68920 Jessica Plains', 'Amyhaven', 'WI', '76974');
INSERT INTO "address"(id, address_1, city, state, zip_code) VALUES (6, '3686 Tracy Summit', 'Lake Michaelborough', 'MS', '20982');
INSERT INTO "address"(id, address_1, city, state, zip_code) VALUES (7, '08440 Davis Mountains', 'South Kimberlybury', 'MT', '29663');
INSERT INTO "address"(id, address_1, city, state, zip_code) VALUES (8, '8092 Berry Point', 'Atkinsonfurt', 'OR', '38780');
INSERT INTO "address"(id, address_1, city, state, zip_code) VALUES (9, '28546 Johnston Wells', 'Parkermouth', 'AR', '66236');
INSERT INTO "address"(id, address_1, city, state, zip_code) VALUES (10, '68407 Henry Islands', 'Janetchester', 'WA', '60834');
INSERT INTO "address"(id, address_1, city, state, zip_code) VALUES (11, '441 Rice Stream', 'Moorestad', 'MO', '41462');
INSERT INTO "address"(id, address_1, city, state, zip_code) VALUES (12, '38376 Sabrina Ridges', 'Joshuaview', 'ND', '20907');
INSERT INTO "address"(id, address_1, city, state, zip_code) VALUES (13, '69211 Perkins Rapid', 'West Jessicachester', 'SC', '20363');
INSERT INTO "address"(id, address_1, city, state, zip_code) VALUES (14, '019 William Hollow', 'North Elizabethport', 'MN', '91574');
INSERT INTO "address"(id, address_1, city, state, zip_code) VALUES (15, '849 Lindsay Junction', 'Barkerstad', 'ME', '65807');
INSERT INTO "address"(id, address_1, city, state, zip_code) VALUES (16, '056 Patel Row', 'Piercestad', 'KY', '06233');
INSERT INTO "address"(id, address_1, city, state, zip_code) VALUES (17, '36323 Griffin Cliff', 'Carpenterview', 'CO', '87172');
INSERT INTO "address"(id, address_1, city, state, zip_code) VALUES (18, '03569 Moore Villages', 'West Javier', 'RI', '23301');
INSERT INTO "address"(id, address_1, city, state, zip_code) VALUES (19, '0290 Nelson Estate', 'Port Beverlyfurt', 'WI', '15246');
INSERT INTO "address"(id, address_1, city, state, zip_code) VALUES (20, '54447 Stanley Fork', 'Port Tim', 'MS', '16552');
INSERT INTO "address"(id, address_1, city, state, zip_code) VALUES (21, '52778 Nelson Roads', 'Andretown', 'GA', '38932');
INSERT INTO "address"(id, address_1, city, state, zip_code) VALUES (22, '94072 Keith Canyon', 'Lake Lindafort', 'OK', '78525');
INSERT INTO "address"(id, address_1, city, state, zip_code) VALUES (23, '13533 Ashley Overpass', 'New Josephmouth', 'MD', '36595');
INSERT INTO "address"(id, address_1, city, state, zip_code) VALUES (24, '0495 Michael Prairie', 'Gonzalezbury', 'TX', '20605');
INSERT INTO "address"(id, address_1, city, state, zip_code) VALUES (25, '67171 Mark Orchard', 'Port Kevin', 'MI', '15008');
INSERT INTO "address"(id, address_1, city, state, zip_code) VALUES (26, '13802 Steven Shoal', 'Richardsborough', 'TN', '46655');
INSERT INTO "address"(id, address_1, city, state, zip_code) VALUES (27, '17426 Luna Mission', 'Smithtown', 'AK', '43908');
INSERT INTO "address"(id, address_1, city, state, zip_code) VALUES (28, '460 Harris Mountains', 'South Emilymouth', 'MI', '54917');
INSERT INTO "address"(id, address_1, city, state, zip_code) VALUES (29, '63514 Dalton Forest', 'North Kimport', 'CA', '41214');
INSERT INTO "address"(id, address_1, city, state, zip_code) VALUES (30, '032 Meagan Parks', 'Lozanoborough', 'RI', '38111');
INSERT INTO "address"(id, address_1, city, state, zip_code) VALUES (31, '1911 Dominic Mount', 'New Maurice', 'GA', '43018');
INSERT INTO "address"(id, address_1, city, state, zip_code) VALUES (32, '75552 York Court', 'Mclaughlinhaven', 'AZ', '48700');
INSERT INTO "address"(id, address_1, city, state, zip_code) VALUES (33, '248 Douglas Trafficway', 'Samanthaside', 'NM', '52738');
INSERT INTO "address"(id, address_1, city, state, zip_code) VALUES (34, '73368 Luke Valley', 'Lake Rickyton', 'VT', '16478');
INSERT INTO "address"(id, address_1, city, state, zip_code) VALUES (35, '999 Justin Gardens', 'North Jasontown', 'GA', '80565');
INSERT INTO "address"(id, address_1, city, state, zip_code) VALUES (36, '391 Smith Pike', 'Maryville', 'MA', '62644');
INSERT INTO "address"(id, address_1, city, state, zip_code) VALUES (37, '81410 Green Heights', 'New Lindaburgh', 'NM', '20914');
INSERT INTO "address"(id, address_1, city, state, zip_code) VALUES (38, '5779 Tiffany Canyon', 'South Christopherport', 'HI', '12722');
INSERT INTO "address"(id, address_1, city, state, zip_code) VALUES (39, '62927 Bryan Summit', 'Keyton', 'CO', '40575');
INSERT INTO "address"(id, address_1, city, state, zip_code) VALUES (40, '83378 Brandon Stravenue', 'East Martinhaven', 'MO', '22016');
INSERT INTO "address"(id, address_1, city, state, zip_code) VALUES (41, '07462 Cody Circle', 'Alexandraview', 'WV', '99641');
INSERT INTO "address"(id, address_1, city, state, zip_code) VALUES (42, '0039 Julie Estate', 'Port Jacquelinechester', 'ME', '19010');
INSERT INTO "address"(id, address_1, city, state, zip_code) VALUES (43, '50865 Stanton Tunnel', 'Lake Richard', 'MI', '23657');
INSERT INTO "address"(id, address_1, city, state, zip_code) VALUES (44, '583 Crystal Spurs', 'Michellemouth', 'FL', '83207');
INSERT INTO "address"(id, address_1, city, state, zip_code) VALUES (45, '67410 Margaret Courts', 'New Christopher', 'TX', '62391');
INSERT INTO "address"(id, address_1, city, state, zip_code) VALUES (46, '29461 Stacy Mission', 'Allentown', 'PA', '43664');
INSERT INTO "address"(id, address_1, city, state, zip_code) VALUES (47, '20801 Mccormick Wells', 'Robertborough', 'RI', '05383');
INSERT INTO "address"(id, address_1, city, state, zip_code) VALUES (48, '65482 Jon Streets', 'Lisahaven', 'OK', '52992');
INSERT INTO "address"(id, address_1, city, state, zip_code) VALUES (49, '5889 Robert Keys', 'Rachelfort', 'NY', '67247');
INSERT INTO "address"(id, address_1, city, state, zip_code) VALUES (50, '01920 Brandy Plains', 'Lake Derek', 'IL', '75933');
INSERT INTO "address"(id, address_1, city, state, zip_code) VALUES (51, '794 Mercado Lake', 'Longview', 'AK', '43235');
INSERT INTO "address"(id, address_1, city, state, zip_code) VALUES (52, '8605 Franco Gateway', 'Chadfurt', 'SC', '69747');
INSERT INTO "address"(id, address_1, city, state, zip_code) VALUES (53, '059 Cheryl Throughway', 'Lake Eric', 'VT', '90683');
INSERT INTO "address"(id, address_1, city, state, zip_code) VALUES (54, '885 Bailey Canyon', 'Martinezborough', 'HI', '52217');
INSERT INTO "address"(id, address_1, city, state, zip_code) VALUES (55, '62929 Kelly Fort', 'West Aaronville', 'AL', '41269');
INSERT INTO "address"(id, address_1, city, state, zip_code) VALUES (56, '8829 Brady Inlet', 'Goodton', 'AR', '69059');
INSERT INTO "address"(id, address_1, city, state, zip_code) VALUES (57, '5052 David Valleys', 'Mitchellfort', 'ND', '24651');
INSERT INTO "address"(id, address_1, city, state, zip_code) VALUES (58, '10499 Katherine Shores', 'New Tina', 'NE', '80575');
INSERT INTO "address"(id, address_1, city, state, zip_code) VALUES (59, '66834 Pierce Rapids', 'Hannahtown', 'NJ', '96342');
INSERT INTO "address"(id, address_1, city, state, zip_code) VALUES (60, '7963 Pam Islands', 'North Elizabeth', 'PA', '93940');
INSERT INTO "address"(id, address_1, city, state, zip_code) VALUES (61, '92354 Melinda Island', 'New Benjaminhaven', 'MO', '94826');
INSERT INTO "address"(id, address_1, city, state, zip_code) VALUES (62, '466 George Club', 'Harttown', 'MO', '43039');
INSERT INTO "address"(id, address_1, city, state, zip_code) VALUES (63, '40588 Collins Skyway', 'South Megan', 'WY', '49361');
INSERT INTO "address"(id, address_1, city, state, zip_code) VALUES (64, '896 Moore Plains', 'North Robertochester', 'SC', '65261');
INSERT INTO "address"(id, address_1, city, state, zip_code) VALUES (65, '2705 Jennifer Springs', 'Ruizland', 'VA', '66185');
INSERT INTO "address"(id, address_1, city, state, zip_code) VALUES (66, '16550 Smith Brooks', 'Deanside', 'CT', '48940');
INSERT INTO "address"(id, address_1, city, state, zip_code) VALUES (67, '2899 Evan Wells', 'Katrinafurt', 'GA', '54457');
INSERT INTO "address"(id, address_1, city, state, zip_code) VALUES (68, '87204 Williams Estate', 'North Brittany', 'NJ', '47947');
INSERT INTO "address"(id, address_1, city, state, zip_code) VALUES (69, '6141 Emily Fields', 'North Pamela', 'TX', '75851');
INSERT INTO "address"(id, address_1, city, state, zip_code) VALUES (70, '1462 Rachel Drive', 'West Joshuashire', 'MA', '30050');
INSERT INTO "address"(id, address_1, city, state, zip_code) VALUES (71, '48741 Hudson Isle', 'West Mariostad', 'NH', '64342');
INSERT INTO "address"(id, address_1, city, state, zip_code) VALUES (72, '270 Michael Union', 'Frankfurt', 'NC', '94027');
INSERT INTO "address"(id, address_1, city, state, zip_code) VALUES (73, '39147 Matthews Crossroad', 'Wigginsfort', 'UT', '60701');
INSERT INTO "address"(id, address_1, city, state, zip_code) VALUES (74, '3540 Meadows Pines', 'Englishfort', 'LA', '33679');
INSERT INTO "address"(id, address_1, city, state, zip_code) VALUES (75, '7158 Taylor Road', 'Doughertytown', 'NC', '22527');
INSERT INTO "address"(id, address_1, city, state, zip_code) VALUES (76, '14714 Morales Ranch', 'Lake Christophershire', 'NC', '56984');
INSERT INTO "address"(id, address_1, city, state, zip_code) VALUES (77, '5228 Hill Curve', 'Paulbury', 'MA', '95309');
INSERT INTO "address"(id, address_1, city, state, zip_code) VALUES (78, '11635 Joshua Pines', 'South Glenntown', 'OH', '50866');
INSERT INTO "address"(id, address_1, city, state, zip_code) VALUES (79, '693 William Lakes', 'Ginaburgh', 'DE', '10083');
INSERT INTO "address"(id, address_1, city, state, zip_code) VALUES (80, '132 Kayla Gateway', 'Port Robert', 'NJ', '78022');
INSERT INTO "address"(id, address_1, city, state, zip_code) VALUES (81, '66752 Oconnor Locks', 'New Shawn', 'AZ', '73421');
INSERT INTO "address"(id, address_1, city, state, zip_code) VALUES (82, '995 Kerr Mountains', 'North Jason', 'WI', '88799');
INSERT INTO "address"(id, address_1, city, state, zip_code) VALUES (83, '198 Ayala Mountains', 'Timothyview', 'OH', '33308');
INSERT INTO "address"(id, address_1, city, state, zip_code) VALUES (84, '462 Reyes Spur', 'East Justinton', 'AL', '97353');
INSERT INTO "address"(id, address_1, city, state, zip_code) VALUES (85, '15441 Thomas Fords', 'Patrickfort', 'AK', '66565');
INSERT INTO "address"(id, address_1, city, state, zip_code) VALUES (86, '147 Wong Place', 'Jeffberg', 'MD', '08954');
INSERT INTO "address"(id, address_1, city, state, zip_code) VALUES (87, '186 Thomas Avenue', 'Lake Walter', 'LA', '05843');
INSERT INTO "address"(id, address_1, city, state, zip_code) VALUES (88, '75798 Nicole Greens', 'Raybury', 'NY', '86072');
INSERT INTO "address"(id, address_1, city, state, zip_code) VALUES (89, '2430 Jamie View', 'East Tannerview', 'NM', '26172');
INSERT INTO "address"(id, address_1, city, state, zip_code) VALUES (90, '79632 Ashley Courts', 'Thomasmouth', 'DC', '99549');
INSERT INTO "address"(id, address_1, city, state, zip_code) VALUES (91, '7988 Wilson Greens', 'West Lindahaven', 'SD', '64068');
INSERT INTO "address"(id, address_1, city, state, zip_code) VALUES (92, '9500 Davis Ports', 'Sheachester', 'GA', '84314');
INSERT INTO "address"(id, address_1, city, state, zip_code) VALUES (93, '73217 Robert Mountains', 'East Joyceland', 'MT', '70457');
INSERT INTO "address"(id, address_1, city, state, zip_code) VALUES (94, '26986 Edward Orchard', 'North Lisa', 'KS', '89978');
INSERT INTO "address"(id, address_1, city, state, zip_code) VALUES (95, '4912 Best Shoal', 'Jesseview', 'PA', '75737');
INSERT INTO "address"(id, address_1, city, state, zip_code) VALUES (96, '3585 Braun Burg', 'North Justin', 'AR', '68059');
INSERT INTO "address"(id, address_1, city, state, zip_code) VALUES (97, '68810 Sarah Springs', 'South Haley', 'MD', '74188');
INSERT INTO "address"(id, address_1, city, state, zip_code) VALUES (98, '925 Sanchez Landing', 'Matthewmouth', 'MS', '75028');
INSERT INTO "address"(id, address_1, city, state, zip_code) VALUES (99, '307 Gutierrez Wells', 'West Lorishire', 'CO', '93855');
INSERT INTO "address"(id, address_1, city, state, zip_code) VALUES (100, '438 Susan Estates', 'North Jennifer', 'NH', '13656');

CREATE TABLE "loan" (
  id int8 primary key,
  address_id int8,
  company_id int8,
  amount float8,
  funding_date date,
  loan_term int8,
  loan_rate float8,
    CONSTRAINT fk_address FOREIGN KEY(address_id) REFERENCES address(id),
    CONSTRAINT fk_company FOREIGN KEY(company_id) REFERENCES address(id)
);

INSERT INTO "loan"(id, address_id, company_id, amount, funding_date, loan_term, loan_rate) VALUES (1, 40, 8, 5156514.52, '2022-01-26', 11, 0.078);
INSERT INTO "loan"(id, address_id, company_id, amount, funding_date, loan_term, loan_rate) VALUES (2, 81, 9, 3504016.74, '2021-06-16', 20, 0.062);
INSERT INTO "loan"(id, address_id, company_id, amount, funding_date, loan_term, loan_rate) VALUES (3, 63, 12, 442433.73, '2021-12-19', 20, 0.061);
INSERT INTO "loan"(id, address_id, company_id, amount, funding_date, loan_term, loan_rate) VALUES (4, 6, 8, 7981565.2, '2021-05-25', 30, 0.072);
INSERT INTO "loan"(id, address_id, company_id, amount, funding_date, loan_term, loan_rate) VALUES (5, 80, 14, 4776769.91, '2021-07-06', 23, 0.089);
INSERT INTO "loan"(id, address_id, company_id, amount, funding_date, loan_term, loan_rate) VALUES (6, 39, 3, 4111574.33, '2021-10-28', 19, 0.067);
INSERT INTO "loan"(id, address_id, company_id, amount, funding_date, loan_term, loan_rate) VALUES (7, 46, 2, 5419370.7, '2021-10-09', 14, 0.087);
INSERT INTO "loan"(id, address_id, company_id, amount, funding_date, loan_term, loan_rate) VALUES (8, 67, 20, 1377399.6, '2021-06-05', 21, 0.072);
INSERT INTO "loan"(id, address_id, company_id, amount, funding_date, loan_term, loan_rate) VALUES (9, 72, 11, 7398182.63, '2022-01-12', 11, 0.08);
INSERT INTO "loan"(id, address_id, company_id, amount, funding_date, loan_term, loan_rate) VALUES (10, 74, 21, 5784324.16, '2022-02-17', 17, 0.087);
INSERT INTO "loan"(id, address_id, company_id, amount, funding_date, loan_term, loan_rate) VALUES (11, 60, 8, 4091257.58, '2021-10-19', 27, 0.087);
INSERT INTO "loan"(id, address_id, company_id, amount, funding_date, loan_term, loan_rate) VALUES (12, 89, 3, 2048448.64, '2022-03-03', 13, 0.068);
INSERT INTO "loan"(id, address_id, company_id, amount, funding_date, loan_term, loan_rate) VALUES (13, 27, 21, 6821534.8, '2021-12-04', 28, 0.061);
INSERT INTO "loan"(id, address_id, company_id, amount, funding_date, loan_term, loan_rate) VALUES (14, 70, 19, 9512909.67, '2021-04-02', 24, 0.08399999999999999);
INSERT INTO "loan"(id, address_id, company_id, amount, funding_date, loan_term, loan_rate) VALUES (15, 48, 7, 8040560.82, '2021-09-16', 26, 0.064);
INSERT INTO "loan"(id, address_id, company_id, amount, funding_date, loan_term, loan_rate) VALUES (16, 59, 7, 5164596.62, '2021-05-14', 27, 0.06999999999999999);
INSERT INTO "loan"(id, address_id, company_id, amount, funding_date, loan_term, loan_rate) VALUES (17, 14, 5, 3699087.23, '2021-11-25', 22, 0.089);
INSERT INTO "loan"(id, address_id, company_id, amount, funding_date, loan_term, loan_rate) VALUES (18, 77, 26, 8090057.41, '2022-01-05', 22, 0.08499999999999999);
INSERT INTO "loan"(id, address_id, company_id, amount, funding_date, loan_term, loan_rate) VALUES (19, 28, 26, 9412653.99, '2021-06-21', 30, 0.08199999999999999);
INSERT INTO "loan"(id, address_id, company_id, amount, funding_date, loan_term, loan_rate) VALUES (20, 88, 14, 3166966.77, '2021-03-27', 12, 0.087);
INSERT INTO "loan"(id, address_id, company_id, amount, funding_date, loan_term, loan_rate) VALUES (21, 12, 13, 7871036.38, '2021-07-31', 9, 0.08);
INSERT INTO "loan"(id, address_id, company_id, amount, funding_date, loan_term, loan_rate) VALUES (22, 97, 11, 503621.32, '2021-11-13', 23, 0.088);
INSERT INTO "loan"(id, address_id, company_id, amount, funding_date, loan_term, loan_rate) VALUES (23, 43, 26, 3189562.9, '2021-12-02', 29, 0.072);
INSERT INTO "loan"(id, address_id, company_id, amount, funding_date, loan_term, loan_rate) VALUES (24, 53, 23, 7594634.8, '2021-08-04', 21, 0.075);
INSERT INTO "loan"(id, address_id, company_id, amount, funding_date, loan_term, loan_rate) VALUES (25, 87, 3, 4025365.75, '2022-02-07', 24, 0.079);
INSERT INTO "loan"(id, address_id, company_id, amount, funding_date, loan_term, loan_rate) VALUES (26, 55, 5, 249165.53, '2021-06-27', 20, 0.062);
INSERT INTO "loan"(id, address_id, company_id, amount, funding_date, loan_term, loan_rate) VALUES (27, 84, 16, 4034919.86, '2021-08-16', 25, 0.08199999999999999);
INSERT INTO "loan"(id, address_id, company_id, amount, funding_date, loan_term, loan_rate) VALUES (28, 29, 18, 7645625.2, '2021-05-14', 27, 0.073);
INSERT INTO "loan"(id, address_id, company_id, amount, funding_date, loan_term, loan_rate) VALUES (29, 93, 10, 1607492.99, '2021-10-12', 9, 0.078);
INSERT INTO "loan"(id, address_id, company_id, amount, funding_date, loan_term, loan_rate) VALUES (30, 91, 17, 8973201.48, '2022-01-06', 22, 0.086);
INSERT INTO "loan"(id, address_id, company_id, amount, funding_date, loan_term, loan_rate) VALUES (31, 2, 9, 231873.55, '2022-03-10', 30, 0.077);
INSERT INTO "loan"(id, address_id, company_id, amount, funding_date, loan_term, loan_rate) VALUES (32, 65, 6, 7392374.58, '2021-10-18', 18, 0.08);
INSERT INTO "loan"(id, address_id, company_id, amount, funding_date, loan_term, loan_rate) VALUES (33, 94, 25, 7576546.1, '2021-08-15', 25, 0.06999999999999999);
INSERT INTO "loan"(id, address_id, company_id, amount, funding_date, loan_term, loan_rate) VALUES (34, 13, 11, 8034225.62, '2022-01-15', 20, 0.09);
INSERT INTO "loan"(id, address_id, company_id, amount, funding_date, loan_term, loan_rate) VALUES (35, 52, 10, 1053916.23, '2021-05-26', 14, 0.061);
INSERT INTO "loan"(id, address_id, company_id, amount, funding_date, loan_term, loan_rate) VALUES (36, 85, 19, 9949374.7, '2022-01-12', 28, 0.087);
INSERT INTO "loan"(id, address_id, company_id, amount, funding_date, loan_term, loan_rate) VALUES (37, 30, 9, 2907535.29, '2021-09-13', 19, 0.067);
INSERT INTO "loan"(id, address_id, company_id, amount, funding_date, loan_term, loan_rate) VALUES (38, 17, 19, 6495454.25, '2022-03-10', 17, 0.081);
INSERT INTO "loan"(id, address_id, company_id, amount, funding_date, loan_term, loan_rate) VALUES (39, 58, 4, 5658362.83, '2021-07-09', 27, 0.073);
INSERT INTO "loan"(id, address_id, company_id, amount, funding_date, loan_term, loan_rate) VALUES (40, 83, 13, 4017775.61, '2021-10-18', 20, 0.08199999999999999);
INSERT INTO "loan"(id, address_id, company_id, amount, funding_date, loan_term, loan_rate) VALUES (41, 90, 11, 3788865.9, '2021-04-03', 14, 0.061);
INSERT INTO "loan"(id, address_id, company_id, amount, funding_date, loan_term, loan_rate) VALUES (42, 41, 1, 3717052.77, '2021-09-23', 10, 0.086);
INSERT INTO "loan"(id, address_id, company_id, amount, funding_date, loan_term, loan_rate) VALUES (43, 34, 25, 9886856.14, '2021-11-09', 14, 0.089);
INSERT INTO "loan"(id, address_id, company_id, amount, funding_date, loan_term, loan_rate) VALUES (44, 76, 17, 4385085.94, '2021-10-13', 13, 0.066);
INSERT INTO "loan"(id, address_id, company_id, amount, funding_date, loan_term, loan_rate) VALUES (45, 9, 15, 920138.19, '2021-11-21', 14, 0.074);
INSERT INTO "loan"(id, address_id, company_id, amount, funding_date, loan_term, loan_rate) VALUES (46, 99, 12, 8668261.74, '2021-12-06', 10, 0.08);
INSERT INTO "loan"(id, address_id, company_id, amount, funding_date, loan_term, loan_rate) VALUES (47, 78, 22, 5367379.86, '2021-10-26', 28, 0.076);
INSERT INTO "loan"(id, address_id, company_id, amount, funding_date, loan_term, loan_rate) VALUES (48, 95, 3, 3971901.24, '2021-04-03', 19, 0.06999999999999999);
INSERT INTO "loan"(id, address_id, company_id, amount, funding_date, loan_term, loan_rate) VALUES (49, 21, 3, 4751539.73, '2022-01-27', 16, 0.076);
INSERT INTO "loan"(id, address_id, company_id, amount, funding_date, loan_term, loan_rate) VALUES (50, 8, 8, 7825676.91, '2021-04-24', 29, 0.06999999999999999);
INSERT INTO "loan"(id, address_id, company_id, amount, funding_date, loan_term, loan_rate) VALUES (51, 11, 12, 8933594.87, '2021-06-14', 27, 0.08299999999999999);
INSERT INTO "loan"(id, address_id, company_id, amount, funding_date, loan_term, loan_rate) VALUES (52, 37, 5, 9593967.57, '2022-01-26', 10, 0.064);
INSERT INTO "loan"(id, address_id, company_id, amount, funding_date, loan_term, loan_rate) VALUES (53, 50, 14, 4432798.36, '2022-01-28', 29, 0.089);
INSERT INTO "loan"(id, address_id, company_id, amount, funding_date, loan_term, loan_rate) VALUES (54, 82, 15, 8045069.82, '2022-01-27', 14, 0.075);
INSERT INTO "loan"(id, address_id, company_id, amount, funding_date, loan_term, loan_rate) VALUES (55, 64, 11, 7751048.85, '2021-04-05', 29, 0.06999999999999999);
INSERT INTO "loan"(id, address_id, company_id, amount, funding_date, loan_term, loan_rate) VALUES (56, 36, 1, 1969344.49, '2022-01-04', 18, 0.068);
INSERT INTO "loan"(id, address_id, company_id, amount, funding_date, loan_term, loan_rate) VALUES (57, 42, 26, 2692793.38, '2021-11-12', 24, 0.063);
INSERT INTO "loan"(id, address_id, company_id, amount, funding_date, loan_term, loan_rate) VALUES (58, 98, 16, 8388981.25, '2021-09-27', 17, 0.066);
INSERT INTO "loan"(id, address_id, company_id, amount, funding_date, loan_term, loan_rate) VALUES (59, 47, 21, 1913038.61, '2021-05-27', 19, 0.079);
INSERT INTO "loan"(id, address_id, company_id, amount, funding_date, loan_term, loan_rate) VALUES (60, 1, 12, 1268119.93, '2021-11-16', 23, 0.072);
INSERT INTO "loan"(id, address_id, company_id, amount, funding_date, loan_term, loan_rate) VALUES (61, 96, 4, 9797500.16, '2021-10-25', 19, 0.09);
INSERT INTO "loan"(id, address_id, company_id, amount, funding_date, loan_term, loan_rate) VALUES (62, 79, 19, 7970282.1, '2021-06-06', 18, 0.086);
INSERT INTO "loan"(id, address_id, company_id, amount, funding_date, loan_term, loan_rate) VALUES (63, 69, 13, 6308937.54, '2021-05-31', 17, 0.066);
INSERT INTO "loan"(id, address_id, company_id, amount, funding_date, loan_term, loan_rate) VALUES (64, 31, 19, 8207006.14, '2022-02-10', 10, 0.08499999999999999);
INSERT INTO "loan"(id, address_id, company_id, amount, funding_date, loan_term, loan_rate) VALUES (65, 25, 7, 2754673.35, '2021-06-08', 10, 0.073);
INSERT INTO "loan"(id, address_id, company_id, amount, funding_date, loan_term, loan_rate) VALUES (66, 10, 15, 9279586.26, '2021-06-29', 12, 0.081);
INSERT INTO "loan"(id, address_id, company_id, amount, funding_date, loan_term, loan_rate) VALUES (67, 86, 12, 2799893.2, '2021-07-01', 30, 0.06999999999999999);
INSERT INTO "loan"(id, address_id, company_id, amount, funding_date, loan_term, loan_rate) VALUES (68, 33, 5, 2348219.35, '2021-11-01', 9, 0.064);
INSERT INTO "loan"(id, address_id, company_id, amount, funding_date, loan_term, loan_rate) VALUES (69, 73, 18, 7278073.53, '2021-10-15', 18, 0.072);
INSERT INTO "loan"(id, address_id, company_id, amount, funding_date, loan_term, loan_rate) VALUES (70, 22, 14, 3586515.1, '2021-11-28', 14, 0.073);
INSERT INTO "loan"(id, address_id, company_id, amount, funding_date, loan_term, loan_rate) VALUES (71, 38, 21, 7772487.29, '2022-03-14', 15, 0.067);
INSERT INTO "loan"(id, address_id, company_id, amount, funding_date, loan_term, loan_rate) VALUES (72, 20, 6, 2148946.39, '2021-04-11', 24, 0.067);
INSERT INTO "loan"(id, address_id, company_id, amount, funding_date, loan_term, loan_rate) VALUES (73, 45, 16, 4894608.8, '2021-06-18', 17, 0.065);
INSERT INTO "loan"(id, address_id, company_id, amount, funding_date, loan_term, loan_rate) VALUES (74, 3, 5, 6202494.8, '2021-07-29', 26, 0.087);
INSERT INTO "loan"(id, address_id, company_id, amount, funding_date, loan_term, loan_rate) VALUES (75, 44, 25, 4593759.26, '2021-08-07', 26, 0.081);
INSERT INTO "loan"(id, address_id, company_id, amount, funding_date, loan_term, loan_rate) VALUES (76, 18, 1, 6393179.95, '2021-08-27', 22, 0.08399999999999999);
INSERT INTO "loan"(id, address_id, company_id, amount, funding_date, loan_term, loan_rate) VALUES (77, 57, 15, 9778560.87, '2021-11-28', 29, 0.072);
INSERT INTO "loan"(id, address_id, company_id, amount, funding_date, loan_term, loan_rate) VALUES (78, 16, 15, 618428.8, '2021-08-19', 19, 0.09);
INSERT INTO "loan"(id, address_id, company_id, amount, funding_date, loan_term, loan_rate) VALUES (79, 61, 6, 4971792.86, '2021-05-07', 18, 0.077);
INSERT INTO "loan"(id, address_id, company_id, amount, funding_date, loan_term, loan_rate) VALUES (80, 5, 5, 9140918.3, '2021-09-27', 10, 0.09);
INSERT INTO "loan"(id, address_id, company_id, amount, funding_date, loan_term, loan_rate) VALUES (81, 15, 4, 2146378.95, '2021-08-17', 18, 0.064);
INSERT INTO "loan"(id, address_id, company_id, amount, funding_date, loan_term, loan_rate) VALUES (82, 54, 1, 4632200.54, '2022-01-30', 19, 0.08);
INSERT INTO "loan"(id, address_id, company_id, amount, funding_date, loan_term, loan_rate) VALUES (83, 68, 10, 3557395.52, '2021-09-27', 9, 0.065);
INSERT INTO "loan"(id, address_id, company_id, amount, funding_date, loan_term, loan_rate) VALUES (84, 62, 15, 4109189.75, '2021-10-23', 29, 0.06999999999999999);
INSERT INTO "loan"(id, address_id, company_id, amount, funding_date, loan_term, loan_rate) VALUES (85, 71, 19, 2362845.31, '2022-01-27', 22, 0.061);
INSERT INTO "loan"(id, address_id, company_id, amount, funding_date, loan_term, loan_rate) VALUES (86, 7, 6, 6764171.9, '2021-08-06', 21, 0.06999999999999999);
INSERT INTO "loan"(id, address_id, company_id, amount, funding_date, loan_term, loan_rate) VALUES (87, 49, 15, 5725134.6, '2021-03-21', 9, 0.076);
INSERT INTO "loan"(id, address_id, company_id, amount, funding_date, loan_term, loan_rate) VALUES (88, 100, 18, 3576056.77, '2021-08-03', 22, 0.09);
INSERT INTO "loan"(id, address_id, company_id, amount, funding_date, loan_term, loan_rate) VALUES (89, 35, 1, 3297996.71, '2021-06-11', 18, 0.08299999999999999);
INSERT INTO "loan"(id, address_id, company_id, amount, funding_date, loan_term, loan_rate) VALUES (90, 75, 17, 2454350.12, '2022-01-02', 23, 0.064);
INSERT INTO "loan"(id, address_id, company_id, amount, funding_date, loan_term, loan_rate) VALUES (91, 24, 13, 4444312.19, '2021-12-25', 14, 0.068);
INSERT INTO "loan"(id, address_id, company_id, amount, funding_date, loan_term, loan_rate) VALUES (92, 51, 20, 7102098.6, '2022-01-21', 18, 0.086);
INSERT INTO "loan"(id, address_id, company_id, amount, funding_date, loan_term, loan_rate) VALUES (93, 66, 16, 9086614.81, '2021-10-25', 18, 0.08199999999999999);
INSERT INTO "loan"(id, address_id, company_id, amount, funding_date, loan_term, loan_rate) VALUES (94, 32, 26, 1565477.42, '2021-05-02', 11, 0.087);
INSERT INTO "loan"(id, address_id, company_id, amount, funding_date, loan_term, loan_rate) VALUES (95, 19, 26, 7204089.63, '2021-04-30', 17, 0.088);
INSERT INTO "loan"(id, address_id, company_id, amount, funding_date, loan_term, loan_rate) VALUES (96, 23, 17, 4931453.7, '2021-10-13', 30, 0.088);
INSERT INTO "loan"(id, address_id, company_id, amount, funding_date, loan_term, loan_rate) VALUES (97, 92, 21, 4626779.54, '2021-06-22', 24, 0.088);
INSERT INTO "loan"(id, address_id, company_id, amount, funding_date, loan_term, loan_rate) VALUES (98, 26, 11, 7974862.98, '2021-10-03', 25, 0.08299999999999999);
INSERT INTO "loan"(id, address_id, company_id, amount, funding_date, loan_term, loan_rate) VALUES (99, 4, 3, 3283807.6, '2022-01-21', 26, 0.08499999999999999);
INSERT INTO "loan"(id, address_id, company_id, amount, funding_date, loan_term, loan_rate) VALUES (100, 56, 14, 6434084.94, '2022-01-29', 24, 0.089);